{
  "regression": {
    "rmse": 0.05362167990169607,
    "mae": 0.04175507028319747,
    "r2": 0.0028330295187870558
  },
  "classification": {
    "auc_roc": 0.5086302931135175,
    "f1": 0.45829823083403537,
    "prec_top10": 0.488
  }
}